{
  "properties": {
    "connectionReferences": {
      "shared_approvals": {
        "runtimeSource": "embedded",
        "connection": {
          "connectionReferenceLogicalName": "project_sharedapprovals_82afd"
        },
        "api": {
          "name": "shared_approvals"
        }
      },
      "shared_commondataserviceforapps": {
        "runtimeSource": "embedded",
        "connection": {
          "connectionReferenceLogicalName": "project_sharedcommondataserviceforapps_15956"
        },
        "api": {
          "name": "shared_commondataserviceforapps"
        }
      },
      "shared_office365": {
        "runtimeSource": "embedded",
        "connection": {
          "connectionReferenceLogicalName": "project_sharedoffice365_f57d1"
        },
        "api": {
          "name": "shared_office365"
        }
      }
    },
    "definition": {
      "$schema": "https://schema.management.azure.com/providers/Microsoft.Logic/schemas/2016-06-01/workflowdefinition.json#",
      "contentVersion": "1.0.0.0",
      "parameters": {
        "$connections": {
          "defaultValue": {},
          "type": "Object"
        },
        "$authentication": {
          "defaultValue": {},
          "type": "SecureObject"
        }
      },
      "triggers": {
        "When_a_row_is_added,_modified_or_deleted": {
          "metadata": {
            "operationMetadataId": "2c93d346-61aa-41cf-957a-7002b4b7948c"
          },
          "type": "OpenApiConnectionWebhook",
          "inputs": {
            "host": {
              "connectionName": "shared_commondataserviceforapps",
              "operationId": "SubscribeWebhookTrigger",
              "apiId": "/providers/Microsoft.PowerApps/apis/shared_commondataserviceforapps"
            },
            "parameters": {
              "subscriptionRequest/message": 1,
              "subscriptionRequest/entityname": "project_testapprovaltable",
              "subscriptionRequest/scope": 4
            },
            "authentication": "@parameters('$authentication')"
          }
        }
      },
      "actions": {
        "Start_and_wait_for_an_approval": {
          "runAfter": {},
          "metadata": {
            "operationMetadataId": "d0b7fd53-b6c4-49a5-8d79-18ef412f91ba"
          },
          "type": "OpenApiConnectionWebhook",
          "inputs": {
            "host": {
              "connectionName": "shared_approvals",
              "operationId": "StartAndWaitForAnApproval",
              "apiId": "/providers/Microsoft.PowerApps/apis/shared_approvals"
            },
            "parameters": {
              "approvalType": "BasicAwaitAll",
              "WebhookApprovalCreationInput/title": "Please Approve Tested Product Entry",
              "WebhookApprovalCreationInput/assignedTo": "SushmithaV@Bangalore000.onmicrosoft.com;",
              "WebhookApprovalCreationInput/details": "Project is Tested Completely is ready for Release \nProject Name @{triggerOutputs()?['body/project_name']}",
              "WebhookApprovalCreationInput/requestor": "SushmithaV@Bangalore000.onmicrosoft.com;",
              "WebhookApprovalCreationInput/enableNotifications": true,
              "WebhookApprovalCreationInput/enableReassignment": true
            },
            "authentication": "@parameters('$authentication')"
          }
        },
        "Condition": {
          "actions": {
            "Update_a_row": {
              "runAfter": {},
              "metadata": {
                "operationMetadataId": "87bff3b6-7049-42e1-b012-3dc1a72b7cd1"
              },
              "type": "OpenApiConnection",
              "inputs": {
                "host": {
                  "connectionName": "shared_commondataserviceforapps",
                  "operationId": "UpdateRecord",
                  "apiId": "/providers/Microsoft.PowerApps/apis/shared_commondataserviceforapps"
                },
                "parameters": {
                  "entityName": "project_testapprovaltables",
                  "recordId": "@{triggerOutputs()?['body/project_testapprovaltableid']}\n",
                  "item/project_projectverificationstatus": 819930002,
                  "item/project_teststatus": 819930000
                },
                "authentication": "@parameters('$authentication')"
              }
            },
            "Send_an_email_(V2)": {
              "runAfter": {
                "Update_a_row": [
                  "Succeeded"
                ]
              },
              "metadata": {
                "operationMetadataId": "de602167-15c7-4eef-a30d-5083e5004ce3"
              },
              "type": "OpenApiConnection",
              "inputs": {
                "host": {
                  "connectionName": "shared_office365",
                  "operationId": "SendEmailV2",
                  "apiId": "/providers/Microsoft.PowerApps/apis/shared_office365"
                },
                "parameters": {
                  "emailMessage/To": "SushmithaV@Bangalore000.onmicrosoft.com",
                  "emailMessage/Subject": "Project is Approved ",
                  "emailMessage/Body": "<p>Project is Approved and is Ready for Release @{outputs('Update_a_row')?['body/project_name']}<br>\n@{outputs('Start_and_wait_for_an_approval')?['body/responseSummary']}</p>",
                  "emailMessage/Importance": "Normal"
                },
                "authentication": "@parameters('$authentication')"
              }
            }
          },
          "runAfter": {
            "Start_and_wait_for_an_approval": [
              "Succeeded"
            ]
          },
          "else": {
            "actions": {
              "Update_a_row_2": {
                "runAfter": {},
                "metadata": {
                  "operationMetadataId": "4a0ee5da-5e34-4d18-9dd6-51cb8b79dfa3"
                },
                "type": "OpenApiConnection",
                "inputs": {
                  "host": {
                    "connectionName": "shared_commondataserviceforapps",
                    "operationId": "UpdateRecord",
                    "apiId": "/providers/Microsoft.PowerApps/apis/shared_commondataserviceforapps"
                  },
                  "parameters": {
                    "entityName": "project_testapprovaltables",
                    "recordId": "D000ROW",
                    "item/project_ProjectName@odata.bind": "@triggerOutputs()?['body/project_name']",
                    "item/project_projectverificationstatus": 819930000,
                    "item/statecode": 1
                  },
                  "authentication": "@parameters('$authentication')"
                }
              },
              "Send_an_email_(V2)_2": {
                "runAfter": {
                  "Update_a_row_2": [
                    "Succeeded"
                  ]
                },
                "metadata": {
                  "operationMetadataId": "915081b5-9637-49f4-911a-4b7111a2b606"
                },
                "type": "OpenApiConnection",
                "inputs": {
                  "host": {
                    "connectionName": "shared_office365",
                    "operationId": "SendEmailV2",
                    "apiId": "/providers/Microsoft.PowerApps/apis/shared_office365"
                  },
                  "parameters": {
                    "emailMessage/To": "SushmithaV@Bangalore000.onmicrosoft.com",
                    "emailMessage/Subject": "Project is Rejected",
                    "emailMessage/Body": "<p>Project must be Retested  &nbsp;&nbsp;&nbsp;&nbsp;<br>\nProject Name &nbsp;&nbsp;@{outputs('Update_a_row_2')?['body/project_name']}<br>\n</p>",
                    "emailMessage/Importance": "Normal"
                  },
                  "authentication": "@parameters('$authentication')"
                }
              }
            }
          },
          "expression": {
            "equals": [
              "@outputs('Start_and_wait_for_an_approval')?['body/outcome']",
              "Approve"
            ]
          },
          "metadata": {
            "operationMetadataId": "41145dc5-37ce-4857-9d75-131ea559032d"
          },
          "type": "If"
        }
      }
    },
    "templateName": ""
  },
  "schemaVersion": "1.0.0.0"
}