{
  "properties": {
    "connectionReferences": {
      "shared_office365": {
        "runtimeSource": "embedded",
        "connection": {
          "connectionReferenceLogicalName": "project_sharedoffice365_f57d1"
        },
        "api": {
          "name": "shared_office365"
        }
      },
      "shared_commondataserviceforapps": {
        "runtimeSource": "embedded",
        "connection": {
          "connectionReferenceLogicalName": "project_sharedcommondataserviceforapps_15956"
        },
        "api": {
          "name": "shared_commondataserviceforapps"
        }
      }
    },
    "definition": {
      "$schema": "https://schema.management.azure.com/providers/Microsoft.Logic/schemas/2016-06-01/workflowdefinition.json#",
      "contentVersion": "1.0.0.0",
      "parameters": {
        "$connections": {
          "defaultValue": {},
          "type": "Object"
        },
        "$authentication": {
          "defaultValue": {},
          "type": "SecureObject"
        }
      },
      "triggers": {
        "When_a_row_is_added,_modified_or_deleted": {
          "metadata": {
            "operationMetadataId": "9cf3021b-34e2-4803-a971-26cc696ea241"
          },
          "type": "OpenApiConnectionWebhook",
          "inputs": {
            "host": {
              "connectionName": "shared_commondataserviceforapps",
              "operationId": "SubscribeWebhookTrigger",
              "apiId": "/providers/Microsoft.PowerApps/apis/shared_commondataserviceforapps"
            },
            "parameters": {
              "subscriptionRequest/message": 4,
              "subscriptionRequest/entityname": "project_projecttable",
              "subscriptionRequest/scope": 4
            },
            "authentication": "@parameters('$authentication')"
          }
        }
      },
      "actions": {
        "Condition": {
          "actions": {
            "Send_an_email_(V2)": {
              "runAfter": {},
              "metadata": {
                "operationMetadataId": "cd25b763-b5b4-43ad-9789-21806c2ac71a"
              },
              "type": "OpenApiConnection",
              "inputs": {
                "host": {
                  "connectionName": "shared_office365",
                  "operationId": "SendEmailV2",
                  "apiId": "/providers/Microsoft.PowerApps/apis/shared_office365"
                },
                "parameters": {
                  "emailMessage/To": " Sandeeps@Bangalore000.onmicrosoft.com",
                  "emailMessage/Subject": "New Assignment !",
                  "emailMessage/Body": "<p>Hello,<br>\nTest the Functionality of the product ,Refer the details on the Assignment site,Mention the &nbsp;Test Scenario .&lt;br&gt;<br>\n<strong>Completion Date</strong>:@{triggerOutputs()?['body/project_completiondate']}<br>\nPlease Notify &amp; Update &nbsp;the Status at each stage of Testing!&lt;br&gt;<br>\nThank You !&lt;br&gt;<br>\nSushmitha V,<br>\nProject Manager,Sysfore,<br>\nBengaluru 560077</p>",
                  "emailMessage/Importance": "Normal"
                },
                "authentication": "@parameters('$authentication')"
              }
            }
          },
          "runAfter": {},
          "expression": {
            "equals": [
              "@triggerOutputs()?['body/project_condition']",
              "Assigned"
            ]
          },
          "metadata": {
            "operationMetadataId": "aaab02bb-b196-4ab4-a4c7-78984824b101"
          },
          "type": "If"
        }
      }
    },
    "templateName": ""
  },
  "schemaVersion": "1.0.0.0"
}