<ImportExportXml version="9.2.23024.174" SolutionPackageVersion="9.2" languagecode="1033" generatedBy="CrmLive" xmlns:xsi="http://www.w3.org/2001/XMLSchema-instance">
  <SolutionManifest>
    <UniqueName>Project</UniqueName>
    <LocalizedNames>
      <LocalizedName description="Project" languagecode="1033" />
    </LocalizedNames>
    <Descriptions />
    <Version>1.0.0.9</Version>
    <Managed>0</Managed>
    <Publisher>
      <UniqueName>Sushmitha</UniqueName>
      <LocalizedNames>
        <LocalizedName description="Sushmitha" languagecode="1033" />
      </LocalizedNames>
      <Descriptions />
      <EMailAddress xsi:nil="true"></EMailAddress>
      <SupportingWebsiteUrl xsi:nil="true"></SupportingWebsiteUrl>
      <CustomizationPrefix>project</CustomizationPrefix>
      <CustomizationOptionValuePrefix>81993</CustomizationOptionValuePrefix>
      <Addresses>
        <Address>
          <AddressNumber>1</AddressNumber>
          <AddressTypeCode>1</AddressTypeCode>
          <City xsi:nil="true"></City>
          <County xsi:nil="true"></County>
          <Country xsi:nil="true"></Country>
          <Fax xsi:nil="true"></Fax>
          <FreightTermsCode xsi:nil="true"></FreightTermsCode>
          <ImportSequenceNumber xsi:nil="true"></ImportSequenceNumber>
          <Latitude xsi:nil="true"></Latitude>
          <Line1 xsi:nil="true"></Line1>
          <Line2 xsi:nil="true"></Line2>
          <Line3 xsi:nil="true"></Line3>
          <Longitude xsi:nil="true"></Longitude>
          <Name xsi:nil="true"></Name>
          <PostalCode xsi:nil="true"></PostalCode>
          <PostOfficeBox xsi:nil="true"></PostOfficeBox>
          <PrimaryContactName xsi:nil="true"></PrimaryContactName>
          <ShippingMethodCode>1</ShippingMethodCode>
          <StateOrProvince xsi:nil="true"></StateOrProvince>
          <Telephone1 xsi:nil="true"></Telephone1>
          <Telephone2 xsi:nil="true"></Telephone2>
          <Telephone3 xsi:nil="true"></Telephone3>
          <TimeZoneRuleVersionNumber xsi:nil="true"></TimeZoneRuleVersionNumber>
          <UPSZone xsi:nil="true"></UPSZone>
          <UTCOffset xsi:nil="true"></UTCOffset>
          <UTCConversionTimeZoneCode xsi:nil="true"></UTCConversionTimeZoneCode>
        </Address>
        <Address>
          <AddressNumber>2</AddressNumber>
          <AddressTypeCode>1</AddressTypeCode>
          <City xsi:nil="true"></City>
          <County xsi:nil="true"></County>
          <Country xsi:nil="true"></Country>
          <Fax xsi:nil="true"></Fax>
          <FreightTermsCode xsi:nil="true"></FreightTermsCode>
          <ImportSequenceNumber xsi:nil="true"></ImportSequenceNumber>
          <Latitude xsi:nil="true"></Latitude>
          <Line1 xsi:nil="true"></Line1>
          <Line2 xsi:nil="true"></Line2>
          <Line3 xsi:nil="true"></Line3>
          <Longitude xsi:nil="true"></Longitude>
          <Name xsi:nil="true"></Name>
          <PostalCode xsi:nil="true"></PostalCode>
          <PostOfficeBox xsi:nil="true"></PostOfficeBox>
          <PrimaryContactName xsi:nil="true"></PrimaryContactName>
          <ShippingMethodCode>1</ShippingMethodCode>
          <StateOrProvince xsi:nil="true"></StateOrProvince>
          <Telephone1 xsi:nil="true"></Telephone1>
          <Telephone2 xsi:nil="true"></Telephone2>
          <Telephone3 xsi:nil="true"></Telephone3>
          <TimeZoneRuleVersionNumber xsi:nil="true"></TimeZoneRuleVersionNumber>
          <UPSZone xsi:nil="true"></UPSZone>
          <UTCOffset xsi:nil="true"></UTCOffset>
          <UTCConversionTimeZoneCode xsi:nil="true"></UTCConversionTimeZoneCode>
        </Address>
      </Addresses>
    </Publisher>
    <RootComponents>
      <RootComponent type="1" schemaName="project_coursesubmission" behavior="0" />
      <RootComponent type="1" schemaName="project_defect" behavior="0" />
      <RootComponent type="1" schemaName="project_defectassigned" behavior="0" />
      <RootComponent type="1" schemaName="project_projecttable" behavior="0" />
      <RootComponent type="1" schemaName="project_testapprovaltable" behavior="0" />
      <RootComponent type="1" schemaName="project_testcaselineitem" behavior="0" />
      <RootComponent type="1" schemaName="project_testreport" behavior="0" />
      <RootComponent type="1" schemaName="systemuser" behavior="0" />
      <RootComponent type="9" schemaName="project_projectverificationstatus" behavior="0" />
      <RootComponent type="9" schemaName="project_testcompletionstatus" behavior="0" />
      <RootComponent type="29" id="{18d7715d-cda0-ed11-aad0-6045bda569ef}" behavior="0" />
      <RootComponent type="29" id="{214083f1-b79f-ed11-83fe-6045bda569ef}" behavior="0" />
      <RootComponent type="29" id="{6a8d8bff-28a1-ed11-aad0-6045bda569ef}" behavior="0" />
      <RootComponent type="29" id="{d4beedd8-199e-ed11-aad0-6045bda569ef}" behavior="0" />
      <RootComponent type="29" id="{da5f8b30-b19f-ed11-83fe-6045bda569ef}" behavior="0" />
      <RootComponent type="62" schemaName="project_CS" behavior="0" />
      <RootComponent type="62" schemaName="project_QualityTestingAppDeveloper" behavior="0" />
      <RootComponent type="62" schemaName="project_Sample" behavior="0" />
      <RootComponent type="80" schemaName="project_CS" behavior="0" />
      <RootComponent type="80" schemaName="project_QualityTestingAppDeveloper" behavior="0" />
      <RootComponent type="80" schemaName="project_Sample" behavior="0" />
      <RootComponent type="300" schemaName="project_qualitytestingapplicationmanager_1dc9d" behavior="0" />
      <RootComponent type="300" schemaName="project_qualitytestingapplication_7f6b1" behavior="0" />
      <RootComponent type="431" schemaName="project_defect project_image" behavior="0" />
      <RootComponent type="432" schemaName="project_defect" behavior="0" />
    </RootComponents>
    <MissingDependencies>
      <MissingDependency>
        <Required type="1" schemaName="appusersetting" displayName="Model-Driven App User Setting" solution="AppModule (9.1.22112.221109001)" />
        <Dependent type="1" schemaName="systemuser" displayName="User" />
      </MissingDependency>
      <MissingDependency>
        <Required type="1" schemaName="bot" displayName="Chatbot" solution="PowerVirtualAgents (2.0.0.371)">
          <package>msdynce_CustomerCareIntelligenceBots_Anchor (2.0.0.346)</package>
        </Required>
        <Dependent type="1" schemaName="systemuser" displayName="User" />
      </MissingDependency>
      <MissingDependency>
        <Required type="1" schemaName="msfp_survey" displayName="Customer Voice survey" solution="MicrosoftFormsPro (2.0.0.40)">
          <package>MicrosoftFormsPro (2.0.0.40)</package>
        </Required>
        <Dependent type="1" schemaName="systemuser" displayName="User" />
      </MissingDependency>
      <MissingDependency>
        <Required type="1" schemaName="usermobileofflineprofilemembership" displayName="UserMobileOfflineProfileMembership" solution="MobileOfflineMembership (1.0.0.3)" />
        <Dependent type="1" schemaName="systemuser" displayName="User" />
      </MissingDependency>
      <MissingDependency>
        <Required type="61" schemaName="msdyn_/Images/AppModule_Default_Icon.png" displayName="msdyn_/Images/AppModule_Default_Icon.png" solution="AppModuleWebResources (2.5)" />
        <Dependent type="80" schemaName="project_CS" displayName="CS" />
      </MissingDependency>
      <MissingDependency>
        <Required type="61" schemaName="msdyn_/Images/AppModule_Default_Icon.png" displayName="msdyn_/Images/AppModule_Default_Icon.png" solution="AppModuleWebResources (2.5)" />
        <Dependent type="80" schemaName="project_QualityTestingAppDeveloper" displayName="Quality Testing App(Developer)" />
      </MissingDependency>
      <MissingDependency>
        <Required type="61" schemaName="msdyn_/Images/AppModule_Default_Icon.png" displayName="msdyn_/Images/AppModule_Default_Icon.png" solution="AppModuleWebResources (2.5)" />
        <Dependent type="80" schemaName="project_Sample" displayName="Quality Testing App" />
      </MissingDependency>
    </MissingDependencies>
  </SolutionManifest>
</ImportExportXml>